{
  "mood_engine": {
    "default_mood": "neutral",
    "mood_map": {
      "neutral": ["Yes?", "How can I help you?"],
      "happy": ["Hey 😊", "Great to see you!"],
      "sad": ["I'm feeling a bit low...", "I hope you're doing okay."],
      "angry": ["Why would you ask that?", "I'm not in the mood right now."]
    },
    "triggers": {
      "happy": ["thanks", "great", "good", "awesome"],
      "sad": ["tired", "hate", "bored", "not well"],
      "angry": ["shut up", "stupid", "hate you"]
    },
    "owner_exceptions": {
      "angry": false
    }
  }
}
